{"cameraMode":{"drawMode":0,"name":"Shaded","section":"Shading Mode"},"sceneLighting":true,"audioPlay":false,"sceneViewState":{"showFog":true,"showMaterialUpdate":true,"showSkybox":true,"showFlares":true,"showImageEffects":true,"showParticleSystems":true},"in2DMode":false,"pivot":{"x":651.9000244140625,"y":633.5999755859375,"z":0.0},"rotation":{"x":0.31650036573410036,"y":0.19447679817676545,"z":-0.06646653264760971,"w":0.9260640144348145},"size":292.1286315917969,"orthographic":false}