{"cameraMode":{"drawMode":0,"name":"Shaded","section":"Shading Mode"},"sceneLighting":true,"audioPlay":false,"sceneViewState":{"showFog":true,"showMaterialUpdate":true,"showSkybox":true,"showFlares":true,"showImageEffects":true,"showParticleSystems":true},"in2DMode":false,"pivot":{"x":27.599998474121095,"y":-5.599999904632568,"z":0.0},"rotation":{"x":0.31650036573410036,"y":0.19447679817676545,"z":-0.06646653264760971,"w":0.9260640144348145},"size":165.01651000976563,"orthographic":false}