{"cameraMode":{"drawMode":0,"name":"Shaded","section":"Shading Mode"},"sceneLighting":false,"audioPlay":false,"sceneViewState":{"showFog":true,"showMaterialUpdate":false,"showSkybox":false,"showFlares":true,"showImageEffects":true,"showParticleSystems":true},"in2DMode":false,"pivot":{"x":2.4588615894317629,"y":1.2419443130493165,"z":-0.34959888458251955},"rotation":{"x":0.16601157188415528,"y":-0.3398055136203766,"z":0.06107065826654434,"w":0.9237132668495178},"size":2.7690951824188234,"orthographic":false}